COMPONENT_STRING,COMPONENT_LABEL,COMPONENT_DESCRIPTION,API_SHORT_NAME,PROGRAM_STRING,PROGRAM_LABEL
ACSSE,1-Year Supplemental Estimates,"ACS 1-Year Supplemental Estimates extend standard 1-year ACS coverage to smaller geographic areas. Available for areas with populations of 20,000 or more (vs. 65,000+ for standard 1-year estimates), these simplified tables (K20-series) trade some detail for broader geographic reach. Released roughly one month after the standard 1-year products.",acs/acsse,ACS,American Community Survey
ACSDT5Y,Detailed Tables 5-Year,"ACS 5-Year Detailed Tables (B/C-series) pool five years of survey data and are the most geographically comprehensive ACS product-available for every area down to the census block group, regardless of population size. With 64,000+ variables, these tables provide the deepest cross-tabulations across all ACS topics.",acs/acs5,ACS,American Community Survey
ACSSPP1Y,Selected Population Profiles 1-Year,"ACS 1-Year Selected Population Profiles (SPP) provide broad social, economic, and housing summaries for race, ethnic, ancestry, and country/region-of-birth groups. Available for geographic areas with 500,000+ total population and group populations of 65,000+. Presenting data as counts and percentages across 300+ variables.",acs/acs1/spp,ACS,American Community Survey
ACSST3Y,Subject Tables 3-Year,"ACS 3-Year Subject Tables (S-series) summarize topic-level estimates for areas with 20,000+ population, pooling three years of data. Discontinued after the 2013 (2011-2013) release.",acs/acs3/subject,ACS,American Community Survey
ACSDP3Y,Data Profiles 3-Year,"ACS 3-Year Data Profiles (DP-series, 4 tables) summarize social, economic, housing, and demographic estimates for areas with 20,000+ population, pooling three years of data. Discontinued after the 2013 (2011-2013) release.",acs/acs3/profile,ACS,American Community Survey
ACSST1Y,Subject Tables 1-Year,"ACS 1-Year Subject Tables (S-series) summarize estimates by topic-such as income, commuting, or educational attainment-for a broader geographic range than detailed tables. Presenting data as both counts and percentages, they cover 66,000+ variables for areas with 65,000+ population.",acs/acs1/subject,ACS,American Community Survey
ACSPUMS1YPR,Puerto Rico Public Use Microdata Sample,"Puerto Rico Community Survey (PRCS) 1-Year PUMS contains individual-level person and housing unit records representing approximately 1% of Puerto Rico's population. Separate from the national ACS PUMS (state FIPS 72), it enables custom tabulations at the state and PUMA levels for Puerto Rico.",acs/acs1/pumspr,ACS,American Community Survey
ACSCP3Y,Comparison Profiles 3-Year,"ACS 3-Year Comparison Profiles (CP-series) compare current 3-year estimates against prior 5-year estimates with statistical significance testing, for areas with 20,000+ population. Discontinued after the 2013 (2011-2013) release. Contains 3,000+ variables.",acs/acs3/cprofile,ACS,American Community Survey
ACSCP5Y,Comparison Profiles 5-Year,"ACS 5-Year Comparison Profiles (CP-series) mirror the Data Profile format but include comparisons to prior 5-year estimates with statistical significance testing, enabling trend analysis for all geographies down to the tract level. Contains 2,400+ variables.",acs/acs5/cprofile,ACS,American Community Survey
ACSCP1Y,Comparison Profiles 1-Year,"ACS 1-Year Comparison Profiles (CP-series) mirror the Data Profile format but add year-over-year comparisons with the four preceding 1-year estimates, including statistical significance testing. Useful for tracking change over time for areas with 65,000+ population. Contains 1,000+ variables.",acs/acs1/cprofile,ACS,American Community Survey
ACSDT3Y,Detailed Tables 3-Year,"ACS 3-Year Detailed Tables (B/C-series) pooled data collected over three consecutive years to produce estimates for areas with 20,000+ population, including counties and places too small for 1-year reliability. Discontinued after the 2013 (2011-2013) release.",acs/acs3,ACS,American Community Survey
ACSCD113,1-Year Data Profile CD113,"ACS 1-Year Data Profiles for the 113th Congressional Districts provide the four standard DP-series tables (social, economic, housing, demographic) tailored to each of the 435 congressional districts as defined for the 113th Congress.",acs/acs1/cd113,ACS,American Community Survey
ACSCD115,1-Year Data Profile 115th Congressional District,"ACS 1-Year Data Profiles for the 115th Congressional Districts provide the four standard DP-series tables (social, economic, housing, demographic) tailored to each of the 435 congressional districts as defined for the 115th Congress.",acs/acs1/cd115,ACS,American Community Survey
ACSDT1Y,Detailed Tables 1-Year,"ACS 1-Year Detailed Tables (B/C-series) are the most granular ACS pre-tabulated product, offering 31,000+ cross-tabulations of demographic, social, economic, and housing characteristics. Published for areas with 65,000+ population: nation, all states, DC, Puerto Rico, congressional districts, metro areas, and qualifying counties and places.",acs/acs1,ACS,American Community Survey
ACSDP5Y,Data Profiles 5-Year,"ACS 5-Year Data Profiles (DP-series, 4 tables) provide broad social, economic, housing, and demographic summaries as both counts and percentages. Available for all geographies down to the census tract level, with 2,400+ variables. The most widely used ACS product for local-area planning and research.",acs/acs5/profile,ACS,American Community Survey
ACSFLOWS,5-Year Migration Flows,"ACS 5-Year Migration Flows derive county-level migration statistics from the ACS 'Where did you live 1 year ago?' question. The dataset provides flow estimates between state/world-region origins and current county of residence, plus supplemental geographic mobility statistics (nonmovers, inter-state movers, arrivals from abroad) for each county.",acs/flows,ACS,American Community Survey
ACSDP5YSPT,Selected Population Data Profiles 5-Year,"ACS 5-Year Selected Population Data Profiles provide DP-style summary tables for detailed race, Hispanic origin, tribal, and ancestry population groups. Released every five years for areas with sufficient group population size.",acs/acs5/sptprofile,ACS,American Community Survey
ACSPUMS1Y,Public Use Microdata Sample,ACS 1-Year Public Use Microdata Sample (PUMS) contains individual-level (person and housing unit) records representing approximately 1% of the U.S. population-with all identifying information removed. Enables custom tabulations not available in pre-tabulated products. Available at the state and Public Use Microdata Area (PUMA) levels.,acs/acs1/pums,ACS,American Community Survey
ACSDT5YSPT,Selected Population Detailed Tables 5-Year,"ACS 5-Year Selected Population Detailed Tables (SPT) provide the full range of B/C-series cross-tabulations for detailed race, Hispanic origin, tribal, and ancestry groups. Released every five years, they allow analysis of smaller population subgroups that cannot support estimates in standard detailed tables.",acs/acs5/spt,ACS,American Community Survey
ACSDP5YAIAN,American Indian and Alaska Native Data Profiles 5-Year,ACS 5-Year American Indian and Alaska Native (AIAN) Data Profiles provide DP-style summaries for tribal populations using more detailed tribal categories than standard SPT products. Released every five years.,acs/acs5/aianprofile,ACS,American Community Survey
ACSDT5YAIAN,American Indian and Alaska Native Detailed Tables 5-Year,"ACS 5-Year American Indian and Alaska Native (AIAN) Detailed Tables provide B/C-series cross-tabulations specifically for tribal populations, using more granular tribal categories than those available in the standard Selected Population Tables. Released every five years.",acs/acs5/aian,ACS,American Community Survey
ACSST5Y,Subject Tables 5-Year,"ACS 5-Year Subject Tables (S-series) provide topic-organized summaries (e.g., poverty, language, commuting) as both counts and percentages for all geographies down to the census tract. With 66,000+ variables, they offer a middle ground between data profiles and detailed tables.",acs/acs5/subject,ACS,American Community Survey
ACSSPP3Y,Selected Population Profiles 3-Year,"ACS 3-Year Selected Population Profiles (SPP) provide social, economic, and housing summaries for detailed population groups in areas with 20,000+ population. Discontinued after the 2013 (2011-2013) release.",acs/acs3/spp,ACS,American Community Survey
ACSPUMS5YPR,Puerto Rico Public Use Microdata Sample,"Puerto Rico Community Survey (PRCS) 5-Year PUMS pools five years of PRCS records, representing approximately 5% of Puerto Rico's population. Separate from the national ACS PUMS (state FIPS 72), it supports custom analyses at the state and PUMA levels for smaller Puerto Rico subpopulations.",acs/acs5/pumspr,ACS,American Community Survey
ACSEEO5Y,Equal Employment Opportunity 5-Year,"ACS 5-Year Equal Employment Opportunity (EEO) Tabulation cross-tabulates detailed occupation by sex, race, Hispanic origin, and educational attainment for the civilian employed population. Produced jointly with the EEOC, OFCCP, and OPM to support civil rights enforcement and workforce analysis. Available at multiple geography levels.",acs/acs5/eeo,ACS,American Community Survey
ACSDIMCUBE1Y,Detailed Tables 1-Year,Experimental ACS 1-Year Dimensional Cube Demonstration explores a multidimensional data model for delivering ACS detailed table estimates. This prototype format is not a production data product and is intended for evaluation of alternative API delivery methods.,acs/acsdimcube1,ACS,American Community Survey
ACSDP1Y,Data Profiles 1-Year,"ACS 1-Year Data Profiles (DP-series, 4 tables) summarize the most widely used social, economic, housing, and demographic estimates for a single geography. Presenting data as both counts and percentages, they cover 2,400+ variables for areas with 65,000+ population.",acs/acs1/profile,ACS,American Community Survey
ACSPUMS5Y,Public Use Microdata Sample,ACS 5-Year Public Use Microdata Sample (PUMS) pools five 1-year PUMS files to represent approximately 5% of the U.S. population. Individual person and housing unit records (with identifiers removed) allow custom analyses. Available at the state and PUMA levels. Larger sample enables estimates for smaller subpopulations than the 1-year PUMS.,acs/acs5/pums,ACS,American Community Survey
ECNTYPE,"Mining: Detailed Statistics by Type of Operation for the U.S., States, and Offshore Areas","Economic Census Mining Detailed Statistics by Type of Operation break down mining sector employment, payroll, and receipts by operational type (e.g., surface vs. underground mining) for the U.S., states, and offshore areas.",ecntype,ECN,Economic Census
ECNLOCMINE,"Mining: Location of Mines by Employment Size for Subsectors and Industries for the U.S., States, and Offshore Area","Economic Census Mining Location of Mines by Employment Size reports the number and distribution of mining establishments across employment size classes by NAICS subsector and industry, for the U.S., states, and offshore areas.",ecnlocmine,ECN,Economic Census
ECNLOCMFG,"Manufacturing: Location of Manufacturing Establishments by Employment Size for the U.S., States, and Counties","Economic Census Manufacturing Location of Establishments by Employment Size reports the number of manufacturing establishments distributed across employment size classes by NAICS industry, for the U.S., states, and counties.",ecnlocmfg,ECN,Economic Census
ECNMARGIN,Wholesale Trade: Gross Margin and its Components for Merchant Wholesalers for the U.S.,"Economic Census Wholesale Trade Gross Margin and Components reports gross margin, beginning and end-of-year inventories, and cost of goods sold for merchant wholesalers at the U.S. level.",ecnmargin,ECN,Economic Census
ECNNAPCSPRD,Economic Census,"Economic Census NAPCS Product-Level Statistics report product line revenue and the number of establishments carrying each NAPCS product, along with industry contributions to total product-line revenue. Covers all sectors at the U.S. level only.",ecnnapcsprd,ECN,Economic Census
ECNPATIENT,"Health Care and Social Assistance: Sales, Value of Shipments, or Revenue by Type of Patient Care for the U.S.","Economic Census Health Care and Social Assistance Revenue by Type of Patient Care reports revenue by care setting (e.g., inpatient, outpatient, emergency) for health care establishments at the U.S. level.",ecnpatient,ECN,Economic Census
ECNTYPEPAYER,"Health Care and Social Assistance: Sales, Value of Shipments, or Revenue by Type of Payer for the U.S. and States","Economic Census Health Care and Social Assistance Revenue by Type of Payer reports revenue broken down by payer category (Medicare, Medicaid, private insurance, self-pay, other government) for health care establishments at the U.S. and state levels.",ecntypepayer,ECN,Economic Census
ECNNAPCS,Economic Census,"Economic Census North American Product Classification System (NAPCS) data report revenue by detailed product line for establishments in selected sectors, linking product sales to the producing industry. Provides product-level economic detail not available in standard industry tables.",ecn/napcs,ECN,Economic Census
ECNCOMM,"Wholesale Trade: Sales and Commissions of Electronic Markets, Agents, Brokers, and Commission Merchants for the U.S.","Economic Census Wholesale Trade Sales and Commissions for Electronic Markets, Agents, Brokers, and Commission Merchants reports revenue and commission income for non-merchant wholesale intermediaries at the U.S. level.",ecncomm,ECN,Economic Census
ECNMATFUEL,"Combined version: Manufacturing and Mining: Materials Consumed and Selected Supplies, Minerals Received for Preparation, Purchased Machinery and Fuels Consumed by Type of Industry for the U.S.","Economic Census Materials Consumed, Fuels, and Purchased Machinery report the cost and type of materials, energy inputs, and capital equipment consumed by manufacturing and mining establishments at the U.S. level.",ecnmatfuel,ECN,Economic Census
ECNLINES,Economic Census US Lines Data,"Economic Census Lines of Business Data report sales/revenue by major product or service category (lines) for establishments of firms with payroll, organized by kind of business at the U.S. level.",ecnlines,ECN,Economic Census
ECNZIP,Economic Census US ZIP Code Data,"Economic Census ZIP Code Data provide establishment counts, employment, and payroll at the 5-digit ZIP code level for the entire U.S. economy, enabling fine-grained local economic analysis not available in standard county or place tables.",ecnzip,ECN,Economic Census
ECNCOMP,"All Sectors: Comparative Statistics for the U.S., States, and Selected Geographies (Previous NAICS Basis)","Economic Census Comparative Statistics compare current census results to the prior census on a consistent previous-NAICS basis, allowing change-over-time analysis of employment, payroll, and sales across sectors for the U.S., states, and selected geographies.",ecncomp,ECN,Economic Census
ECNCLCUST,"Selected Sectors: Sales, Value of Shipments, or Revenue by Class of Customer for Selected Geographies","Economic Census Sales by Class of Customer report revenue broken down by type of buyer (households, businesses, government, export) for selected sectors in the U.S. and states, revealing demand-side structure within industries.",ecnclcust,ECN,Economic Census
ECNIPA,US Industry Product Data,"Economic Census U.S. Industry Product Data tabulate sales by detailed product or service type within NAICS industries, providing product-mix information beyond headline revenue for selected industry groups.",ecnipa,ECN,Economic Census
ECNLOAN,Finance and Insurance: Type of Loan Products Income for the U.S.,"Economic Census Finance and Insurance Type of Loan Products Income reports revenue from different loan product categories (e.g., mortgages, auto loans, credit cards) for depository and non-depository credit institutions at the U.S. level.",ecnloan,ECN,Economic Census
ECNADMBEN,"Finance and Insurance: Administrative Expenses and Benefits Paid for Life, Health, and Medical Insurance Carriers for the U.S.","Economic Census Finance and Insurance Administrative Expenses and Benefits Paid for Life, Health, and Medical Insurance Carriers reports operating cost components (administrative expense ratios, benefit payments) at the U.S. level.",ecnadmben,ECN,Economic Census
ECNBRORDEAL,Finance and Insurance: Brokering or Dealing Products Income,"Economic Census Finance and Insurance Brokering or Dealing Products Income reports revenue by product type (e.g., equities, fixed income) for securities brokers and dealers at the U.S. level.",ecnbrordeal,ECN,Economic Census
ECNCCARD,Finance and Insurance: Credit Card Products Income,"Economic Census Finance and Insurance Credit Card Products Income reports revenue from credit card operations (interest, fees, interchange) for credit card issuers and processors at the U.S. level.",ecnccard,ECN,Economic Census
ECNBRANDDEAL,Finance and Insurance: Brokering and Dealing Products Income,Economic Census Finance and Insurance Brokering and Dealing Products Income is a combined version of brokering and dealing revenue by product category for securities firms at the U.S. level.,ecnbranddeal,ECN,Economic Census
ECNLABOR,"Other Services (Except Public Administration): Sales, Value of Shipments, or Revenue from Labor Charges and Parts Installed for Repair and Maintenance Services for the U.S.",Economic Census Other Services Labor Charges and Parts Installed reports revenue from labor charges and installed parts as a share of total revenue for repair and maintenance service establishments at the U.S. level.,ecnlabor,ECN,Economic Census
ECNRDOFC,"Management of Companies and Enterprises: Research and Development for Corporate, Subsidiary, and Regional Managing Offices for the U.S.","Economic Census Management of Companies R&D for Corporate and Regional Offices reports research and development expenditures and employment for corporate headquarters, subsidiary managing offices, and regional offices at the U.S. level.",ecnrdofc,ECN,Economic Census
ECNCRFIN,Finance and Insurance: Types of Credit Financing Products Income,"Economic Census Finance and Insurance Types of Credit Financing Products Income reports revenue broken down by credit product type (e.g., auto loans, student loans, personal loans) for credit intermediaries at the U.S. level.",ecncrfin,ECN,Economic Census
ECNINVVAL,Manufacturing: Method of Inventory Valuation for the U.S.,"Economic Census Manufacturing Method of Inventory Valuation reports the accounting method (FIFO, LIFO, average cost, etc.) used to value manufacturing inventories at year-end, at the U.S. level.",ecninvval,ECN,Economic Census
ECNKOB,"Construction: Value of Business Done for Kind-of-Business for the U.S., Regions, and States","Economic Census Construction Value of Business Done by Kind-of-Business reports construction activity (revenue from work put-in-place) cross-tabulated by the type of construction work performed, for the U.S., regions, and states.",ecnkob,ECN,Economic Census
ECNLIFOMINE,Mining: Inventories with LIFO Valuation for the U.S.,"Economic Census Mining Inventories with LIFO Valuation report the value of mineral inventories and the proportion valued using the Last-In, First-Out (LIFO) accounting method for mining establishments at the U.S. level.",ecnlifomine,ECN,Economic Census
ECNLOCCONS,Construction: Location of Construction Establishments by Employment Size for the U.S. and States,Economic Census Construction Location of Establishments by Employment Size reports the distribution of construction establishments across employment size classes for the U.S. and states.,ecnloccons,ECN,Economic Census
ECNMENUTYPE,Accommodation and Food Services: Subject Series - Misc Subjects: Principal Menu Type or Specialty for the U.S. and States: 2012,Economic Census Accommodation and Food Services Principal Menu Type or Specialty reports restaurant counts and revenue by cuisine or menu specialty at the U.S. and state levels (2012 data).,ecnmenutype,ECN,Economic Census
ECNSEAT,Accommodation and Food Services: Subject Series - Misc Subjects: Seating Capacity for the U.S. and States: 2012,Economic Census Accommodation and Food Services Seating Capacity reports total seating capacity and per-establishment averages by restaurant type at the U.S. and state levels (2012 data).,ecnseat,ECN,Economic Census
ECNPURELEC,Economic Census,"Economic Census Utilities Cost of Purchased Electricity reports total expenditures on purchased electricity for utilities sector establishments at the U.S. level, supporting energy cost analysis across the utilities industry.",ecnpurelec,ECN,Economic Census
ECNPURGAS,Economic Census,Economic Census Utilities Cost of Purchased Natural Gas reports total expenditures on purchased natural gas for utilities sector establishments at the U.S. level.,ecnpurgas,ECN,Economic Census
ECNCONACT,Economic Census,Economic Census Utilities and Transportation Contractual Activities reports revenue from contracted services within the utilities and transportation and warehousing sectors at the U.S. level.,ecnconact,ECN,Economic Census
ECNPETRSTAT,Wholesale Trade: Petroleum Bulk Storage Capacity by Type of Station by Type of Product for the U.S. and States,Economic Census Wholesale Trade Petroleum Bulk Storage Capacity by Type of Station reports petroleum storage capacity and product type for petroleum bulk liquid stations in the U.S. and states.,ecnpetrstat,ECN,Economic Census
ECNDIRPREM,Finance and Insurance: Direct Premiums Earned,"Economic Census Finance and Insurance Direct Premiums Earned reports premium revenue by line of insurance business (e.g., life, health, property, casualty) for insurance carriers at the U.S. level.",ecndirprem,ECN,Economic Census
ECNDISSMED,"Information: Sales, Value of Shipments, or Revenue by Type of Dissemination Media for the U.S.","Economic Census Information Sector Revenue by Type of Dissemination Media reports revenue broken down by the medium through which information products and services are delivered (e.g., print, digital, broadcast) at the U.S. level.",ecndissmed,ECN,Economic Census
ECNPROFIT,Wholesale Trade: Gross Profit and its Components for Merchant Wholesalers for the U.S.,"Economic Census Wholesale Trade Gross Profit and Components reports gross profit, operating expenses, and inventory data for merchant wholesalers at the U.S. level, complementing the gross margin series.",ecnprofit,ECN,Economic Census
ECNFRAN,Selected Sectors: Franchise Status for the U.S. and States,"Economic Census Franchise Status statistics report establishments' franchise affiliation status (franchisee, franchisor, or non-franchised) along with associated sales, payroll, and employment for selected sectors in the U.S. and states.",ecnfran,ECN,Economic Census
ECNEXPNRG,Economic Census,Economic Census Utilities Exported Energy to Canada and Mexico reports the volume and value of electricity and natural gas exported to neighboring countries by U.S. utility establishments.,ecnexpnrg,ECN,Economic Census
ECNPURMODE,Transportation and Warehousing: Cost of Purchased Transportation by Mode of Shipping for the U.S. and States,"Economic Census Transportation and Warehousing Cost of Purchased Transportation by Mode reports expenditures on outsourced transportation (truck, rail, air, water, pipeline) by transportation and warehousing establishments at the U.S. and state levels.",ecnpurmode,ECN,Economic Census
ECNFLSPACE,Economic Census,Economic Census Retail Trade Floor Space by Selected Industry reports total and per-establishment retail floor space (sq. ft.) for selected retail sectors at the U.S. level.,ecnflspace,ECN,Economic Census
ECNFOODSVC,Accommodation and Food Services: Primary Type of Food Service for the U.S. and States,"Economic Census Accommodation and Food Services Primary Type of Food Service reports establishment counts and revenue by primary service type (full-service restaurants, limited-service, catering, etc.) at the U.S. and state levels.",ecnfoodsvc,ECN,Economic Census
ECNADBNPROP,Finance and Insurance: Administrative Expenses and Losses Incurred for Property and Casualty Insurance Carriers,"Economic Census Finance and Insurance Administrative Expenses and Losses for Property and Casualty Insurance Carriers reports loss ratios, administrative costs, and claim payments for P&C insurers at the U.S. level.",ecnadbnprop,ECN,Economic Census
ECNCONCESS,Accommodation and Food Services: Subject Series - Misc Subjects: Concession Operators for the U.S. and States: 2012,Economic Census Accommodation and Food Services Concession Operators reports revenues and establishment counts for contract food service and concession operators at the U.S. and state levels (2012 data).,ecnconcess,ECN,Economic Census
ECNGUESTSIZE,Accommodation and Food Services: Subject Series - Misc Subjects: Guestroom Size of Establishments for the U.S. and States: 2012,"Economic Census Accommodation Guestroom Size of Establishments reports the distribution of lodging properties by guestroom count (small, medium, large) for the U.S. and states (2012 data).",ecnguestsize,ECN,Economic Census
ECNGRANT,"Health Care and Social Assistance: Grants, Transferred Contributions and Similar Payments, with Net Expenses for the U.S.","Economic Census Health Care and Social Assistance Grants, Transferred Contributions, and Net Expenses reports grant revenue, transferred contributions, and net program expenses for social assistance establishments at the U.S. level.",ecngrant,ECN,Economic Census
ECNHOSP,Health Care and Social Assistance: Ownership and Control of Government Hospitals for the U.S.,Economic Census Health Care Ownership and Control of Government Hospitals reports the number and operating characteristics of government-owned hospitals by level of government ownership at the U.S. level.,ecnhosp,ECN,Economic Census
ECNINSTR,Educational Services: Modes of Instruction for the U.S.,"Economic Census Educational Services Modes of Instruction reports revenue and establishment counts by instructional delivery method (in-person, online, correspondence) for educational service establishments at the U.S. level.",ecninstr,ECN,Economic Census
ECNPETRREC,Wholesale Trade: Primary Method of Receiving Petroleum Bulk Liquid Products for the U.S. and States,"Economic Census Wholesale Trade Primary Method of Receiving Petroleum Bulk Liquid Products reports the mode (pipeline, barge, rail, truck) by which bulk petroleum facilities receive product in the U.S. and states.",ecnpetrrec,ECN,Economic Census
ECNBRIDGE1,Selected Sectors: Industry Bridge Statistics on the Current NAICS Basis With Distribution Among the Previous NAICS-Based Industries for the U.S.,"Economic Census Industry Bridge Statistics (Current NAICS Basis) show how prior-census industry classifications distribute across the current NAICS structure, facilitating historical comparisons when industry definitions change between censuses.",ecnbridge1,ECN,Economic Census
ECNBRIDGE2,Selected Sectors: Industry Bridge Statistics on the Previous NAICS Basis With Distribution Among the Current NAICS-Based Industries for the U.S.,"Economic Census Industry Bridge Statistics (Previous NAICS Basis) show how current-census industry estimates distribute across the prior NAICS classification, complementing ECNBRIDGE1 for users needing backward-compatible time series.",ecnbridge2,ECN,Economic Census
ECNEXPSVC,Selected Sectors: Summary Statistics for Exported Services for the U.S.,"Economic Census Summary Statistics for Exported Services measure the volume and revenue of services sold by U.S. establishments to customers outside the United States, by NAICS industry sector.",ecnexpsvc,ECN,Economic Census
ECNENTSUP,Selected Sectors: Summary Statistics for Enterprise Support Establishments by Industry Served for the U.S.,"Economic Census Enterprise Support Establishments statistics cover auxiliary units (e.g., corporate headquarters, R&D labs) that serve their parent company rather than external customers. Reports employment, payroll, and operating expenses by industry served.",ecnentsup,ECN,Economic Census
ECNHOTEL,Accommodation and Food Services: Hotel Property Type for the U.S. and States,"Economic Census Accommodation Hotel Property Type reports number of properties, rooms, occupancy, and revenue by hotel category (e.g., extended stay, resort, boutique) at the U.S. and state levels.",ecnhotel,ECN,Economic Census
CFSPUMORIG,Commodity Flow Survey Public Use Microdata: Origin of Shipments,"Commodity Flow Survey (CFS) Public Use Microdata - Origin of Shipments provides shipment-level records (with confidentiality protection) showing commodity type, weight, value, mode of transport, and origin state for freight flows originating in each U.S. state.",cfspum/cfspumorig,ECN,Economic Census
ECNEQUIP,Transportation and Warehousing: Revenue-Generating Equipment for Passenger Transportation for the U.S. and States,"Economic Census Transportation and Warehousing Revenue-Generating Equipment reports counts of passenger transportation vehicles and equipment (e.g., buses, aircraft) by type for passenger transportation establishments at the U.S. and state levels.",ecnequip,ECN,Economic Census
ECNEOYINV,Wholesale Trade: Inventories by Valuation Method for the U.S.,"Economic Census Wholesale Trade Inventories by Valuation Method reports end-of-year inventory values and the accounting method (FIFO, LIFO, etc.) used for merchant wholesalers at the U.S. level.",ecneoyinv,ECN,Economic Census
ECNEOYINVWH,Transportation and Warehousing: Inventories by Valuation Method for Enterprise Support Establishments for the U.S.,Economic Census Transportation and Warehousing Inventories by Valuation Method for Enterprise Support Establishments reports end-of-year inventory values and accounting method for auxiliary warehousing and distribution units.,ecneoyinvwh,ECN,Economic Census
ECNEMPFUNC,Wholesale Trade: Employment by Primary Function for the U.S.,"Economic Census Wholesale Trade Employment by Primary Function breaks down employment into functional categories (e.g., sales, warehousing, delivery) for merchant wholesaler establishments at the U.S. level.",ecnempfunc,ECN,Economic Census
ECNLIFOMFG,Manufacturing: Inventories with LIFO Valuation for the U.S.,"Economic Census Manufacturing Inventories with LIFO Valuation report the value of manufacturing inventories and the proportion valued using the Last-In, First-Out (LIFO) accounting method at the U.S. level.",ecnlifomfg,ECN,Economic Census
ECNPETRPROD,Wholesale Trade: Petroleum Bulk Storage Capacity by Type of Product and Storage Capacity Size for the U.S. and States,Economic Census Wholesale Trade Petroleum Bulk Storage Capacity by Product and Size reports storage capacity cross-tabulated by product type and total capacity size class for petroleum bulk liquid facilities.,ecnpetrprod,ECN,Economic Census
ECNVALCON,Construction: Value of Construction Work  for Location of Construction Work for U.S. and States,"Economic Census Construction Value of Work by Location reports the value of construction performed at the worksite location (where the work was done, not where the firm is headquartered) for the U.S. and states.",ecnvalcon,ECN,Economic Census
ECNELMENU,Accommodation and Food Services: Establishments Using Electronic Devices for Self-Service Table Orders and/or Payment for the U.S. and States,"Economic Census Accommodation and Food Services Electronic Self-Service Ordering and Payment reports the number of food service establishments using electronic kiosk, tableside tablet, or other self-service technology at the U.S. and state levels.",ecnelmenu,ECN,Economic Census
ECNCASHADV,Other Services (Except Public Administration) : Subject Series - Misc Subjects: Receipts/Revenue from Repayments of Cash Advances for the U.S.: 2012,Economic Census Other Services Receipts from Cash Advance Repayments reports revenue from the repayment of cash advances issued by check cashing and similar financial service establishments at the U.S. level (2012 data).,ecncashadv,ECN,Economic Census
ECNNAPCSIND,Economic Census,"Economic Census NAPCS Industry-Level Statistics report product line detail cross-tabulated by NAICS industry, showing revenue and establishment counts for each product-industry combination.",ecnnapcsind,ECN,Economic Census
ECNPETRFAC,Wholesale Trade: Petroleum Bulk Storage Capacity by Type of Facility and Type of Product for the U.S. and States,"Economic Census Wholesale Trade Petroleum Bulk Storage Capacity by Facility Type and Product reports storage capacity by both the type of facility (terminal, bulk plant, farm) and petroleum product type.",ecnpetrfac,ECN,Economic Census
ECNSIZE,Economic Census: Establishment and Firm Size Statistics for the U.S.,"Economic Census Establishment and Firm Size Statistics cross-tabulate business activity by employment size class and revenue size class, enabling analysis of the size distribution of U.S. establishments and firms within NAICS industries.",ecnsize,ECN,Economic Census
ECNSOCIAL,"Health Care and Social Assistance: Sales, Value of Shipments, or Revenue by Type of Social Assistance for the U.S.","Economic Census Health Care and Social Assistance Revenue by Type of Social Assistance reports revenue broken down by type of social service provided (e.g., individual/family services, vocational rehabilitation) at the U.S. level.",ecnsocial,ECN,Economic Census
ECNTYPOP,Wholesale Trade: Detailed Type of Operation for the U.S.,"Economic Census Wholesale Trade Detailed Type of Operation reports sales and establishment counts by specific operational type within wholesale trade (e.g., cash-and-carry, rack jobbers) at the U.S. level.",ecntypop,ECN,Economic Census
ECNLIFOVAL,Management of Companies and Enterprises: Subject Series - Misc Subjects: Inventories with LIFO Valuation for the U.S.: 2012 and 2011,Economic Census Management of Companies Inventories with LIFO Valuation reports inventory values and LIFO usage for management holding companies at the U.S. level (2012 and 2011 data).,ecnlifoval,ECN,Economic Census
ECNGUEST,Accommodation and Food Services: Subject Series - Misc Subjects: Number of Guestrooms for the U.S. and States: 2012,Economic Census Accommodation Number of Guestrooms reports total guestroom inventory by number-of-rooms size class for accommodation establishments at the U.S. and state levels (2012 data).,ecnguest,ECN,Economic Census
ECNMEALCOST,Accommodation and Food Services: Subject Series - Misc Subjects: Average Cost Per Meal for the U.S. and States: 2012,Economic Census Accommodation and Food Services Average Cost Per Meal reports average customer expenditure per meal by type of food service establishment at the U.S. and state levels (2012 data).,ecnmealcost,ECN,Economic Census
ECNRDACQ,Management of Companies and Enterprises: Subject Series - Miscellaneous Subjects: Summary Statistics for Research and Development Acquisition for Selected Industries for the U.S.: 2012,Economic Census Management of Companies R&D Acquisition Statistics report expenditures on externally acquired R&D for selected management holding company industries at the U.S. level (2012 data).,ecnrdacq,ECN,Economic Census
ECNBASIC,"Summary Statistics for the U.S., States, and Selected Geographies: 2022","Economic Census Summary Statistics for the U.S., States, and Selected Geographies provide the core business activity measures-number of establishments, sales/revenue, payroll, and employment-by NAICS industry sector at national, state, metro, county, and place levels. The primary entry point for Economic Census data.",ecnbasic,ECN,Economic Census
ZBP,Zipcode Business Patterns,"ZIP Code Business Patterns (ZBP) provide annual establishment counts, employment size distributions, and payroll by NAICS industry at the 5-digit ZIP code level. Useful for local market research, service-area analysis, and economic development planning at fine geographic granularity.",zbp,ANN,Annual Economic Surveys
PEPPRCAGESEX,Puerto Rico Commonwealth Estimates by Single Year of Age and Sex,"PEP Puerto Rico Commonwealth Estimates by Single Year of Age and Sex provide fine-grained annual age-sex breakdowns for Puerto Rico's total resident population, supporting actuarial, demographic, and program planning analyses for the territory.",pep/prcagesex,PEP,Population Estimates
PEPCTY,County Total Population and Components of Change,"PEP County Total Population and Components of Change estimates provide annual resident population counts and the four components of change (births, deaths, net domestic migration, net international migration) for every U.S. county.",pep/cty,PEP,Population Estimates
PEPCOCHAR6,"County Population Estimates by 5 Year Age Groups, Sex, 6 Races, and Hispanic Origin","PEP County Population Estimates by 5-Year Age Groups, Sex, 6 Races, and Hispanic Origin provide annual county-level demographic breakdowns using a 6-race classification that adds Native Hawaiian and Other Pacific Islander as a separate category. Supports detailed minority population analyses.",pep/cochar6,PEP,Population Estimates
PEPCOCHAR5,"County Population Estimates by 5 Year Age Groups, Sex, 5 Races, and Hispanic Origin","PEP County Population Estimates by 5-Year Age Groups, Sex, 5 Races, and Hispanic Origin provide detailed annual demographic breakdowns at the county level, using a 5-race classification (White, Black, AIAN, Asian, NHOPI). Used for program planning and civil rights compliance.",pep/cochar5,PEP,Population Estimates
PEPPRMAGESEX,Puerto Rico Municipios Estimates by 5-Year Age Groups and Sex,"PEP Puerto Rico Municipios Estimates by 5-Year Age Groups and Sex provide annual demographic breakdowns for each of Puerto Rico's 78 municipios, enabling sub-territorial age-sex analyses.",pep/prmagesex,PEP,Population Estimates
PEPPRM,Puerto Rico Municipios Total Population,"PEP Puerto Rico Municipios Total Population estimates provide annual resident population counts for each of Puerto Rico's 78 municipios, the primary administrative subdivisions of the territory.",pep/prm,PEP,Population Estimates
PEPSTCHAR5,"State Population Estimates by Single Year of Age, Sex, 5 Races, and Hispanic Origin","PEP State Population Estimates by Single Year of Age, Sex, 5 Races, and Hispanic Origin provide detailed annual demographic breakdowns at the state level using single-year age groups and a 5-race classification.",pep/stchar5,PEP,Population Estimates
PEPAGESPECIAL5,"National, State, County Annual Resident Population Estimates by Age Groups, Sex, 5 Races, and Hispanic Origin","PEP National/State/County Annual Resident Population Estimates by Age Groups, Sex, 5 Races, and Hispanic Origin provide cross-tabulated demographic estimates across multiple geography levels in a single combined file using 5-race classification.",pep/agespecial5,PEP,Population Estimates
PEPAGESPECIAL6,"National, State, County Annual Resident Population Estimates by Age Groups, Sex, 6 Races, and Hispanic Origin","PEP National/State/County Annual Resident Population Estimates by Age Groups, Sex, 6 Races, and Hispanic Origin provide cross-tabulated demographic estimates across multiple geography levels in a single combined file using 6-race classification.",pep/agespecial6,PEP,Population Estimates
PEPSTCHAR6,"State Population Estimates by Single Year of Age, Sex, 6 Races, and Hispanic Origin","PEP State Population Estimates by Single Year of Age, Sex, 6 Races, and Hispanic Origin provide detailed annual demographic breakdowns at the state level using single-year age groups and a 6-race classification.",pep/stchar6,PEP,Population Estimates
PEPMONTHLYNATCHAR5,"National Monthly Population Estimates by Single Year of Age , Sex, 5 Races, Hispanic Origin, and Universe","PEP National Monthly Population Estimates by Single Year of Age, Sex, 5 Races, Hispanic Origin, and Universe provide sub-annual (monthly) national demographic estimates-useful for tracking rapid population changes or reconciling with vital statistics data.",pep/monthlynatchar5,PEP,Population Estimates
PEPMONTHLYNATCHAR6,"National Monthly Population Estimates by Single Year of Age, Sex, 6 Races, Hispanic Origin, and Universe","PEP National Monthly Population Estimates by Single Year of Age, Sex, 6 Races, Hispanic Origin, and Universe are the 6-race counterpart to PEPMONTHLYNATCHAR5, providing monthly national demographic estimates with added NHOPI race detail.",pep/monthlynatchar6,PEP,Population Estimates
PEPAGESPECIALPR,Puerto Rico Commonwealth and Municipios Annual Resident Population Estimates by Age Groups and Sex,PEP Puerto Rico Commonwealth and Municipios Annual Resident Population Estimates by Age Groups and Sex provide a combined file covering both territory-wide and municipio-level annual demographic estimates for Puerto Rico.,pep/agespecialpr,PEP,Population Estimates
PEPUSDAILY,US Daily Population and Components of Change Increments,"PEP U.S. Daily Population and Components of Change Increments provide daily estimates of the national resident population and its incremental changes from births, deaths, and net migration-used for real-time population clock applications.",pep/daily,PEP,Population Estimates
PEPINTERCENSALHOUSING,Housing Units,"PEP Intercensal Housing Units estimates provide revised annual housing unit counts for states and counties for the intercensal period, reconciled between two decennial censuses to correct for revisions made after the initial estimate release.",pep/int_housingunits,PEP,Population Estimates
PEPAGESEX,National Annual Resident Population Estimates by Single Year of Age and Sex,"PEP National Annual Resident Population Estimates by Single Year of Age and Sex provide fine-grained age-sex distributions for the national resident population for each year between censuses, supporting life-table calculations, program eligibility modeling, and demographic analysis.",pep/agesex,PEP,Population Estimates
PEPINTERCENSALCHARAGEGROUPS,"County Estimates by 5 Year Age Groups, Race by Sex, and Hispanic Origin","PEP Intercensal County Estimates by 5-Year Age Groups, Race by Sex, and Hispanic Origin provide revised annual county-level demographic estimates for the intercensal period, reconciling forward and backward projections between two censuses.",pep/int_charagegroups,PEP,Population Estimates
PEPSUBCTY,Subcounty Population Places and MCDs,"PEP Subcounty Population Estimates cover all legally incorporated places and minor civil divisions (MCDs), providing annual resident population counts below the county level for cities, towns, villages, and townships.",pep/subcty,PEP,Population Estimates
PEPINTERCENSALNATRESAFO,United States Resident plus Armed Forces Overseas Population Estimates by Age and Sex,"PEP Intercensal United States Resident plus Armed Forces Overseas (RESAFO) Population Estimates by Age and Sex include both the domestic resident population and U.S. military and federal civilian employees stationed overseas, for intercensal years.",pep/int_natresafo,PEP,Population Estimates
PEPINTERCENSALNATCIVPOP,United States Civilian Population Estimates by Age and Sex,"PEP Intercensal United States Civilian Population Estimates by Age and Sex exclude active-duty military from the national population total, providing a civilian-only series for intercensal years. Useful for labor force and program eligibility analyses.",pep/int_natcivpop,PEP,Population Estimates
PEPINTERCENSALNATRESPOP,United States Resident Population Estimates by Age and Sex,"PEP Intercensal United States Resident Population Estimates by Age and Sex provide revised annual national age-sex distributions for the intercensal period, reconciling estimates between two successive decennial censuses.",pep/int_natrespop,PEP,Population Estimates
PEPNATSTPRC,"US, State, and PR Total Population and Components of Change","PEP national, state, and Puerto Rico total population and components of change estimates break down annual population change into births, deaths, net domestic migration, and net international migration for the nation, each state, and Puerto Rico.",pep/natstprc,PEP,Population Estimates
PEPNATSTPRC18,"US, State, and PR Population Age 18+","PEP national, state, and Puerto Rico population age 18 and older estimates provide annual counts of the adult resident population-used for apportionment, program planning, and electoral analyses.",pep/natstprc18,PEP,Population Estimates
PEPHOUSING,"Housing Unit Estimates for US, States, and Counties","PEP Housing Unit Estimates provide annual counts of total housing units for the nation, states, and counties, estimated from building permits, demolitions, and other administrative data. Distinct from occupied/vacant measures in the ACS or census.",pep/housing,PEP,Population Estimates
PEPCHARAGE,"Estimates by Age, Sex, Race, and Hispanic Origin","PEP Estimates by Age, Sex, Race, and Hispanic Origin combine detailed demographic dimensions (single-year age, sex, race, Hispanic origin) into a unified file spanning national, state, and county geographies.",pep/charage,PEP,Population Estimates
PEPNATMONTHLY,National Monthly Population,"PEP National Monthly Population provides a simplified monthly total resident population series for the nation, supporting high-frequency population tracking between annual estimate releases.",pep/natmonthly,PEP,Population Estimates
PEPPOP,Population Estimates,"Population Estimates Program (PEP) Population Estimates provide annually updated resident population counts for the nation, states, counties, and places. These are the Census Bureau's official intercensal estimates, produced using the cohort-component method combining birth, death, and migration data.",pep/population,PEP,Population Estimates
POPPROJBIRTHS,"Projected Births by Sex, Race, and Hispanic Origin for the United States: 2016-2060","Projected Births by Sex, Race, and Hispanic Origin extend projected birth counts through 2060, providing one of the three components of change (alongside deaths and migration) underlying the national population projections series.",popproj/births,POPPROJ,National Population Projections
POPPROJDEATHS,"Projected Population by Single Year of Age, Sex, Race, and Hispanic Origin for the United States: 2016-2060","Projected Deaths by Sex, Race, and Hispanic Origin extend projected death counts through 2060, providing the mortality component underlying the national population projections and enabling cause-specific mortality research.",popproj/deaths,POPPROJ,National Population Projections
POPPROJNAT,"Projected Population by Single Year of Age, Sex, Race, and Hispanic Origin, and Nativity for the United States: 2016-2060","Projected Population by Nativity (native-born vs. foreign-born), in addition to single year of age, sex, race, and Hispanic origin, through 2060. Supports analyses of immigration's contribution to future population growth.",popproj/nat,POPPROJ,National Population Projections
POPPROJNIM,"Projected Net International Migration by Single Year of Age, Sex, Race, and Hispanic Origin for the United States: 2016-2060","Projected Net International Migration by Single Year of Age, Sex, Race, and Hispanic Origin through 2060, providing the migration component underlying national population projections. Useful for immigration policy analysis.",popproj/nim,POPPROJ,National Population Projections
POPPROJPOP,"Projected Population by Single Year of Age, Sex, Race, and Hispanic Origin for the United States: 2016-2060","National Population Projections by Single Year of Age, Sex, Race, and Hispanic Origin project the resident U.S. population through 2060 under a set of fertility, mortality, and migration assumptions. The primary projections series from the Census Bureau's national projections program.",popproj/pop,POPPROJ,National Population Projections
PROJAGEGROUPS,"Projected Population by Age Group, Sex, Race, and Hispanic Origin for the United States: 2016-2060","National Population Projections by Age Group, Sex, Race, and Hispanic Origin aggregate single-year projections into broader age bands (e.g., 0-4, 5-9), making the data more accessible for program planning and policy applications.",popproj/agegroups,POPPROJ,National Population Projections
FTD14IMPEXPHIST,Historical Imports and Exports,"Historical Imports and Exports (FTD) provide long time-series of U.S. merchandise trade by commodity and country partner, compiled from historical trade statistics reports. Useful for trend analysis of U.S. trade patterns over multiple decades.",intltrade/imp_exp,IT,International Trade
SUSB,Statistics of U.S. Businesses,"Statistics of U.S. Businesses (SUSB) provide establishment-level tabulations of employment and payroll by NAICS industry, enterprise employment size class, and geography (national, state, metro, county). Widely used for analyzing the size distribution of employer businesses.",ecnsusb,SUB,Statistics of U.S. Businesses
EITSADVM3,Economic Indicators Advanced M3,"Advance Monthly Survey of Manufacturers' Shipments, Inventories and Orders (M3/ADV-M3) provides early-release monthly data on shipments, new orders, unfilled orders, and inventories for durable and nondurable goods manufacturers. A leading economic indicator for manufacturing sector activity.",timeseries/eitsadvm3,EITS,Economic Indicators
CPSMARITAL,Fertility and Marital History Supplement,"CPS Fertility and Marital History Supplement (combined) collects information on marriage and divorce history alongside birth history, enabling analysis of family formation patterns and their relationship to fertility.",cps/marital,CPS,Current Population Survey
CPSDISWORKJOBTEN,"Displaced Worker, Employee Tenure, and Occupational Mobility Supplement","CPS Displaced Worker, Employee Tenure, and Occupational Mobility Supplement covers job loss due to plant closings or layoffs (displaced workers), length of time with current employer (tenure), and occupational change. Fielded biennially in January.",cps/dwjt,CPS,Current Population Survey
CPSFERTILITY,Fertility Supplement,"CPS Fertility Supplement collects data on birth history, expected future births, and childlessness for women aged 15-50. Fielded periodically in June, it is used to estimate lifetime fertility rates and understand childbearing patterns.",cps/fertility,CPS,Current Population Survey
CPSIMMIGRATION,Immigration/Emigration Supplement,"CPS Immigration/Emigration Supplement collects detailed data on immigration history, year of entry, and emigration intentions for the foreign-born population. Used to study immigrant integration and population dynamics.",cps/immigration,CPS,Current Population Survey
CPSUNBANKED,Unbanked/Underbanked Supplement,CPS Unbanked/Underbanked Supplement (conducted for the FDIC) measures household access to mainstream banking services-checking/savings accounts-and use of alternative financial services. It is the source for the FDIC's biennial National Survey of Unbanked and Underbanked Households.,cps/unbank,CPS,Current Population Survey
CPSVOLUNTEER,Volunteering and Civic Life Supplement,"CPS Volunteering and Civic Life Supplement measures formal volunteering through organizations, informal helping activities, and civic engagement behaviors (e.g., attending community meetings). Fielded annually through a partnership with AmeriCorps.",cps/volunteer,CPS,Current Population Survey
CPSFOODSECURITY,Food Security Supplement,"CPS Food Security Supplement measures household-level food security status and hunger using a validated scale. Administered annually in December, it is the source for official USDA national and state food insecurity estimates.",cps/foodsec,CPS,Current Population Survey
POVERTY,Time Series Current Population Survey: Poverty Status,"CPS Historical Poverty Time Series provides long-running national poverty statistics derived from the Current Population Survey ASEC supplement. Data span back to the 1960s and track poverty rates by family type, race, age, and other characteristics over time.",timeseries/poverty/histpov2,CPS,Current Population Survey
CPSVETS,Veterans Supplement,"CPS Veterans Supplement collects detailed data on military service history, period of service, disability status, and service-connected disabilities for the veteran population. Fielded periodically in August.",cps/vets,CPS,Current Population Survey
CPSASEC,Annual Social and Economic (March) Supplement,"CPS Annual Social and Economic (ASEC/March) Supplement is the source for official national poverty statistics and median household income. Collected annually in March from an expanded sample (~100,000 households), it covers prior-year income, health insurance, and poverty status in detail.",cps/asec,CPS,Current Population Survey
CPSSCHOOL,School Enrollment Supplement,"CPS School Enrollment Supplement collects detailed data on enrollment status, school type (public/private), and grade level for the population 3 years and older. Fielded annually in October, it is the source for official school enrollment estimates.",cps/school,CPS,Current Population Survey
CPSBASIC,Basic Monthly,"CPS Basic Monthly Survey is the core labor force survey conducted each month for approximately 60,000 households. It produces the official national unemployment rate and major employment statistics (employed, unemployed, not in labor force) by demographic characteristics.",cps/basic,CPS,Current Population Survey
CPSINTERNET,Computer and Internet Use Supplement,"CPS Computer and Internet Use Supplement collects data on household computer ownership and internet access by connection type, speed, and device, along with individual-level internet use patterns. Key source for digital divide measurement.",cps/internet,CPS,Current Population Survey
CPSDISABILITY,Disability Supplement,"CPS Disability Supplement collects detailed disability status information including type of disability, severity, and work limitations, enabling analysis of labor force participation and economic well-being for the disabled population.",cps/disability,CPS,Current Population Survey
CPSVOTING,Voting Supplement,"CPS Voting and Registration Supplement collects self-reported voter registration and voting participation data after major federal elections, providing the source for official estimates of voter turnout by age, sex, race, citizenship, and education.",cps/voting,CPS,Current Population Survey
CPSTOBACCOUSE,Tobacco Use Supplement,"CPS Tobacco Use Supplement (TUS-CPS) is the primary source of national and state-level data on cigarette, cigar, and smokeless tobacco use for adults. Conducted three times per two-year cycle, it supports public health surveillance and tobacco control policy.",cps/tobacco,CPS,Current Population Survey
IDBSINGLEYEAR,Time Series International Database: International Populations by Single Year of Age and Sex,"International Database (IDB) Single-Year Age and Sex data provide annual population estimates and projections for all countries and territories through 2050, broken down by single year of age and sex. Used for global demographic research and international program planning.",timeseries/idb/1year,IDB,International Database
IDB5YR,Time Series International Database: International Populations by Single Year of Age and Sex,"International Database (IDB) 5-Year Age Group data aggregate IDB single-year estimates into standard 5-year age bands, providing a more manageable format for global comparative demographic analysis.",timeseries/idb/5year,IDB,International Database
PDBTRACT,Planning Database Tract Level,"Planning Database (PDB) Tract-Level file compiles ACS 5-year estimates alongside Census Bureau operational data (mail return rates, use of administrative records) at the census tract level. Designed to help survey planners identify hard-to-survey populations and target resources.",pdb/tract,PDB,Census Planning Database
PDBBLOCKGROUP,Planning Database Block Group Level,Planning Database (PDB) Block Group-Level file provides ACS 5-year estimates and operational indicators at the census block group level-the most granular geography available in the PDB-for local-area hard-to-survey population analysis.,pdb/blockgroup,PDB,Census Planning Database
PDBSTATECOUNTY,Planning Database - State and County Level,"Planning Database (PDB) State and County-Level file aggregates ACS 5-year socioeconomic estimates and census operational metrics to the county and state level, enabling state-wide and county-wide analyses of survey participation barriers.",pdb/statecounty,PDB,Census Planning Database
SAHIE,Small Area Health Insurance Estimates,"Small Area Health Insurance Estimates (SAHIE) provide annually updated estimates of health insurance coverage status for all counties and states, modeled using CPS, Medicaid/CHIP enrollment, tax, and census data. The primary source for sub-state uninsurance rates.",timeseries/healthins/sahie,SAHIE,Small Area Health Insurance Estimates
PSEOFLOWS,Post-Secondary Employment Outcomes (PSEO) - Flows,Post-Secondary Employment Outcomes (PSEO) Flows data measure the geographic mobility of graduates-tracking where they work relative to where they attended school-providing industry and state-level employment flows for postsecondary completers.,timeseries/pseo/flows,PSEO,Post-Secondary Employment Outcomes (PSEO)
PSEOEARNINGS,Post-Secondary Employment Outcomes (PSEO) - Earnings,"Post-Secondary Employment Outcomes (PSEO) Earnings data link postsecondary transcripts to longitudinal employment records to measure earnings outcomes by institution, field of study, degree level, and graduate cohort year.",timeseries/pseo/earnings,PSEO,Post-Secondary Employment Outcomes (PSEO)
DECENNIALSF1,Summary File 1,"Decennial Census Summary File 1 (SF1) contains 100-percent data-counts collected from all households-on population and housing subjects including age, sex, race, Hispanic origin, household relationship, and housing occupancy/tenure. Available at all geographic levels down to the census block.",dec/sf1,DEC,Decennial Census
DECENNIALCD113,113th Congressional District Summary File,"Decennial Census 113th Congressional District Summary File provides 100-percent population and housing counts (race, Hispanic origin, age, sex, housing tenure) tabulated to the boundaries of the 435 congressional districts as defined for the 113th Congress.",dec/cd113,DEC,Decennial Census
DECENNIALCD115,115th Congressional District Summary File,Decennial Census 115th Congressional District Summary File provides 100-percent population and housing counts tabulated to the boundaries of the 435 congressional districts as defined for the 115th Congress.,dec/cd115,DEC,Decennial Census
DECENNIALPL,Redistricting Data (PL 94-171),"Decennial Census Redistricting Data (P.L. 94-171) is the first detailed data product released after each census. Required by law within one year of Census Day, it provides race, Hispanic origin, voting-age population, housing occupancy, and group quarters counts down to the census block for use in legislative redistricting.",dec/pl,DEC,Decennial Census
DECENNIALSF3,Summary File 3,"Decennial Census Summary File 3 (SF3) contains sample (long-form) data on social, economic, and housing characteristics collected from approximately 1-in-6 households. Covers topics such as income, education, commuting, and housing costs at geography levels down to the census block group. Replaced by the ACS after 2000.",dec/sf3,DEC,Decennial Census
DECENNIALDPAIAN,American Indian and Alaska Native Demographic Profile,"Decennial Census American Indian and Alaska Native Demographic Profile provides 100-percent population and housing counts specifically for federally recognized American Indian Areas, Alaska Native Areas, and Hawaiian Home Lands.",dec/aianprofile,DEC,Decennial Census
DECENNIALCD116,116th Congressional District Summary File,Decennial Census 116th Congressional District Summary File provides 100-percent population and housing counts tabulated to the boundaries of the 435 congressional districts as defined for the 116th Congress.,dec/cd116,DEC,Decennial Census
DECENNIALDPCD110H,110th Congressional District Demographic Profile (100-Percent),Decennial Census 110th Congressional District Demographic Profile (100-Percent) presents key population and housing counts from the 100-percent (short-form) census data tabulated to 110th Congress district boundaries.,dec/cd110hprofile,DEC,Decennial Census
DECENNIALDPCD110S,110th Congressional District Demographic Profile (Sample),"Decennial Census 110th Congressional District Demographic Profile (Sample) presents social, economic, and housing estimates from the long-form sample data tabulated to 110th Congress district boundaries.",dec/cd110sprofile,DEC,Decennial Census
DECENNIALAIAN,American Indian and Alaska Native Summary File,"Decennial Census American Indian and Alaska Native Summary File provides full 100-percent detailed cross-tabulations for the population within federally recognized tribal areas, including American Indian Areas, Alaska Native Areas, and Hawaiian Home Lands.",dec/aian,DEC,Decennial Census
DECENNIALRR,Decennial Self-Response Rate,"Decennial Self-Response Rate dataset tracks the cumulative rate at which households responded to the census on their own (internet, phone, or mail) before enumerator follow-up, reported daily at the tract, county, state, and national levels during the collection period.",dec/responserate,DEC,Decennial Census
DECENNIALDPCD115,115th Congressional District Demographic Profile,"Decennial Census 115th Congressional District Demographic Profile provides a DP-style summary of social, economic, housing, and demographic characteristics for each congressional district under the 115th Congress boundary definitions.",dec/cd115profile,DEC,Decennial Census
DECENNIALDPCD113,113th Congressional District Demographic Profile,"Decennial Census 113th Congressional District Demographic Profile provides a DP-style summary of social, economic, housing, and demographic characteristics for each congressional district under the 113th Congress boundary definitions.",dec/cd113profile,DEC,Decennial Census
DECENNIALDPSLDH,State Legislative District Demographic Profile (100-Percent),Decennial Census State Legislative District Demographic Profile (100-Percent) provides key demographic and housing counts from short-form census data tabulated to upper-chamber state legislative district boundaries.,dec/sldhprofile,DEC,Decennial Census
DECENNIALSLDH,State Legislative District Summary File (100-Percent),"Decennial Census State Legislative District Summary File (100-Percent) provides detailed cross-tabulations of 100-percent data (race, age, sex, housing tenure) for upper-chamber state legislative districts.",dec/sldh,DEC,Decennial Census
DECENNIALCQR,Count Question Resolution,Decennial Count Question Resolution (CQR) program allows governments to challenge population or housing counts they believe are in error. This dataset contains population and housing unit counts before and after any corrections accepted through the CQR process.,dec/cqr,DEC,Decennial Census
DECENNIALCD110H,110th Congressional District Summary File (100-Percent),Decennial Census 110th Congressional District Summary File (100-Percent) provides detailed cross-tabulations of short-form census data for each district under 110th Congress boundary definitions.,dec/cd110h,DEC,Decennial Census
DECENNIALSF2,Summary File 2,"Decennial Census Summary File 2 (SF2) provides 100-percent population and housing counts iterated for 250 race and Hispanic origin groups, American Indian and Alaska Native tribes, and ancestry groups-enabling analysis of detailed population subgroups at geography levels down to the census tract.",dec/sf2,DEC,Decennial Census
DECENNIALTESTING,Decennial Testing Data,"Decennial Testing Data contains experimental or dress-rehearsal census counts released for research and evaluation purposes. These data are not official census counts and are intended to test questionnaire design, processing, or geographic methods ahead of a production census.",dec/testing,DEC,Decennial Census
DECENNIALPES,Decennial Post Enumeration Survey,Decennial Post-Enumeration Survey (PES) is an independent survey conducted after the census to estimate net coverage error-how many people were over- or undercounted. Results inform methodological improvements and evaluate the accuracy of decennial enumeration by demographic group and geography.,dec/pes,DEC,Decennial Census
DECENNIALDP,Demographic Profile,"Decennial Census Demographic Profile provides selected demographic and housing characteristics (age, sex, race, Hispanic origin, household type, housing tenure) for areas down to the census tract. The 2020 version is equivalent to the 2010 Demographic Profile and serves as a concise summary of census 100-percent data.",dec/dp,DEC,Decennial Census
DECENNIALTESTING2,Decennial Testing Data 2,"Decennial Testing Data 2 is a secondary experimental dataset released alongside or following Decennial Testing Data, supporting further evaluation of census methodologies, disclosure avoidance approaches, or data products under development.",dec/testing2,DEC,Decennial Census
DECENNIALDDHCA,Detailed Demographic and Housing Characteristics File A,"Decennial Census Detailed Demographic and Housing Characteristics File A (DHC-A) provides comprehensive cross-tabulations of population and housing variables-including age, sex, race, Hispanic origin, household type, and tenure-at geography levels down to the census block. The 2020 successor to prior century's SF1/SF2 detailed tables.",dec/ddhca,DEC,Decennial Census
DECENNIALPUMS1PCT,Public Use Microdata Sample - 1 Percent Sample,"Decennial Census Public Use Microdata Sample (1-Percent) contains individual-level person and housing unit records representing approximately 1% of the population, with all identifying information removed. Enables custom cross-tabulations of census 100-percent variables at the state and PUMA levels.",dec/pums1pct,DECENNIAL,Decennial Census of Population and Housing
SAIPESCHOOLDISTRICTS,Small Area Income and Poverty Estimates: School Districts,SAIPE School District Poverty Estimates provide annually updated counts and rates of children aged 5-17 in poverty for all U.S. school districts. Required by the Elementary and Secondary Education Act to allocate Title I education funding.,timeseries/poverty/saipe/schdist,SAIPE,Small Area Income and Poverty Estimates
PEPCHARAGEGROUPS,"Estimates by Age Group, Sex, Race, and Hispanic Origin","PEP Estimates by Age Group, Sex, Race, and Hispanic Origin present the same multi-variable demographic breakdowns as PEPCHARAGE but use 5-year age groups rather than single-year ages, reducing file size while retaining demographic detail.",pep/charagegroups,PEP,Population Estimates
PEPCOMPONENTS,Components of Change Estimates,"PEP Components of Change Estimates provide annual data on the four drivers of population change-births, deaths, net domestic migration, and net international migration-for the nation, states, and counties. Enables decomposition of population growth or decline by its underlying demographic components.",pep/components,PEP,Population Estimates
CPSCIVICENGAGE,Civic Engagement Supplement,"CPS Civic Engagement Supplement measures participation in community and civic activities beyond formal volunteering, such as attending public meetings, contacting officials, and participating in neighborhood groups.",cps/civic,CPS,Current Population Survey
DECENNIALDPSF3,Summary File 3 Demographic Profile,"Decennial Census Summary File 3 Demographic Profile presents a summary view of SF3 sample (long-form) social, economic, and housing estimates for areas down to the census tract, offering an accessible entry point into the full SF3 detailed tables.",dec/sf3profile,DEC,Decennial Census
DECENNIALCD110S,110th Congressional District Summary File (Sample),Decennial Census 110th Congressional District Summary File (Sample) provides long-form sample data cross-tabulations for each district under 110th Congress boundary definitions.,dec/cd110s,DEC,Decennial Census
DECENNIALDPSLDS,State Legislative District Demographic Profile (Sample),"Decennial Census State Legislative District Demographic Profile (Sample) provides social, economic, and housing estimates from long-form census data tabulated to lower-chamber state legislative district boundaries.",dec/sldsprofile,DEC,Decennial Census
SAIPESTATECOUNTY,Small Area Income and Poverty Estimates: State and County,"Small Area Income and Poverty Estimates (SAIPE) State and County file provides annually updated estimates of median household income and poverty rates for every U.S. county, state, and the nation. SAIPE combines CPS, tax, and administrative data to produce more current estimates than ACS for smaller areas.",poverty/saipe,SAIPE,Small Area Income and Poverty Estimates
DECENNIALSLDS,State Legislative District Summary File (Sample),"Decennial Census State Legislative District Summary File (Sample) provides long-form sample data cross-tabulations (social, economic, housing) for lower-chamber state legislative districts.",dec/slds,DEC,Decennial Census
DECENNIALDPSF4,Summary File 4 Demographic Profile,"Decennial Census Summary File 4 Demographic Profile presents a summary view of SF4 sample data iterated by detailed population groups, providing accessible cross-group comparisons of social, economic, and housing characteristics.",dec/sf4profile,DEC,Decennial Census
DECENNIALPLNAT,National Redistricting Data,"Decennial Census National Redistricting Data (P.L. 94-171) is the national-level version of the redistricting summary file, covering geographic units that cross state boundaries (e.g., national totals, regions, divisions). Provides the same race, Hispanic origin, voting-age, and housing occupancy counts as the state files.",dec/plnat,DEC,Decennial Census
DECENNIALDPSF2,Summary File 2 Demographic Profile,"Decennial Census Summary File 2 Demographic Profile provides a condensed view of SF2 100-percent data iterated by race and Hispanic origin groups, presenting key demographic and housing counts for areas down to the census tract.",dec/sf2profile,DEC,Decennial Census
DECENNIALSF4,Summary File 4,"Decennial Census Summary File 4 (SF4) provides sample (long-form) data iterated for detailed race and Hispanic origin groups, American Indian and Alaska Native tribes, and ancestry groups, enabling subgroup analysis of social, economic, and housing characteristics. Replaced by ACS after 2000.",dec/sf4,DEC,Decennial Census
GOVS,Public Sector Annual Surveys and Census of Governments,"Public Sector Annual Surveys and Census of Governments time series provide annual statistics on the finances (revenues, expenditures, debt) and employment of state and local governments, aggregated from annual surveys and the quinquennial Census of Governments. Key source for public finance and intergovernmental fiscal analysis.",timeseries/govs,PUB,Public Sector
BUILDINGPERMITSANNUAL,Annual Residential Building Permits,"Annual Residential Building Permits report the number of authorized new housing units by structure type (single-family, 2-4 unit, 5+ unit) at the national, state, metro, county, and permit-issuing place levels. An early indicator of housing supply and construction activity.",timeseries/buildingpermits/annual,BPSANN,Economic Indicator Programs
BUILDINGPERMITSMONTHLY,Monthly Residential Building Permits,Monthly Residential Building Permits report the number of authorized new housing units by structure type at sub-annual frequency. Used by economists as a leading indicator of residential construction and housing market conditions.,timeseries/buildingpermits/monthly,BPSMON,Economic Monthly Indicators
BUILDINGPERMITSYTD,Year To Date Residential Building Permits,"Year-to-Date Residential Building Permits aggregate monthly permit authorizations through the current month of the reference year, enabling in-year tracking of cumulative new housing supply relative to prior years.",timeseries/buildingpermits/ytd,BPSYTD,Economic Year to Date Indicators
BDSFIRMS,Firm Statistics,"Business Dynamics Statistics (BDS) Firm Statistics measure business entry, exit, expansion, and contraction at the firm level (enterprise), distinct from the establishment-level BDS series. Useful for studying firm lifecycle dynamics.",timeseries/bds/firms,BDS,Business Dynamics Statistics
ISLANDAREAS,Economic Census of Island Areas,"Economic Census of Island Areas provides the official five-year economic measure for U.S. territories (Puerto Rico, U.S. Virgin Islands, Guam, CNMI, American Samoa), covering establishments, employment, payroll, and revenue by NAICS industry.",ecn/islandareas,ECNIA,Economic Census of Island Areas
ISLANDAREASCOMP,Economic Census of Island Areas,"Economic Census of Island Areas Comparative Statistics compare current census results to the prior census for U.S. territories, enabling analysis of economic change over the five-year period by NAICS industry.",ecn/islandareas/comp,ECNIA,Economic Census of Island Areas
ISLANDAREASIND,Economic Census of Island Areas,"Economic Census of Island Areas Industry Data provide detailed NAICS-industry tabulations of establishment, employment, payroll, and revenue for individual U.S. territories.",ecn/islandareas/ind,ECNIA,Economic Census of Island Areas
ISLANDAREASLINES,Economic Census of Island Areas,"Economic Census of Island Areas Lines of Business Data report sales and revenue by major product or service line for establishments in U.S. territories, organized by kind of business.",ecn/islandareas/lines,ECNIA,Economic Census of Island Areas
ISLANDAREASNAPCS,Economic Census of Island Areas,"Economic Census of Island Areas NAPCS Data report revenue by NAPCS product line for establishments in U.S. territories, providing product-level economic detail for territorial economies.",ecn/islandareas/napcs,ECNIA,Economic Census of Island Areas
CFSHAZMAT,Commodity Flow Survey Hazmat Data,"Commodity Flow Survey (CFS) Hazardous Materials Data focus specifically on shipments of DOT-regulated hazardous materials, reporting value, weight, mode, and commodity type to support transportation safety planning and emergency preparedness.",cfshazmat,ECNSVY,Economic Surveys
ASMVALUE2017,Annual Survey of Manufactures Value,"Annual Survey of Manufactures (ASM) Value Series (2017 benchmark) provides updated manufacturing value-of-shipments, inventories, and value-added statistics anchored to the 2017 Economic Census benchmark.",timeseries/asm/value2017,ECNSVY,Economic Surveys
ASMBENCHMARK2017,Annual Survey of Manufactures Benchmark 2017,"Annual Survey of Manufactures (ASM) Benchmark 2017 provides the final benchmarked national manufacturing statistics for the 2017 ASM cycle, aligned to the 2017 Economic Census for the most accurate ASM time series.",timeseries/asm/benchmark2017,ECNSVY,Economic Surveys
ASMAREA2012,Annual Survey of Manufactures Area,"Annual Survey of Manufactures (ASM) Geographic Area Series (2012 benchmark) provides establishment counts, employment, payroll, and production statistics for manufacturing industries at state and sub-state levels, using the 2012 Economic Census as anchor.",timeseries/asm/area2012,ECNSVY,Economic Surveys
EITSQTAX,Quarterly Summary of State and Local Tax Revenue Timeseries,"Quarterly Summary of State and Local Government Tax Revenue (QTAX) provides quarterly tax collections for all 50 states and the District of Columbia, broken down by type of tax (property, sales, income, etc.). Key indicator of state fiscal capacity.",timeseries/eits/qtax,ECNSVY,Economic Surveys
CFSAREA,Commodity Flow Survey - Geographic Area Data,"Commodity Flow Survey (CFS) Geographic Area Data report shipment value, weight, and mode of transport by origin state and NAICS industry sector, providing a national picture of freight flows from every U.S. region.",cfsarea,ECNSVY,Economic Surveys
CFSTEMP,Commodity Flow Survey Temperature Data,"Commodity Flow Survey (CFS) Temperature-Controlled Shipments Data report freight shipped under refrigerated or heated conditions, covering food, pharmaceuticals, and other temperature-sensitive commodities by mode and region.",cfstemp,ECNSVY,Economic Surveys
CFSEXPORT,Commodity Flow Survey Export Data,"Commodity Flow Survey (CFS) Export Data report the characteristics of shipments destined for export (value, weight, commodity, mode, origin) from U.S. locations, linking domestic freight flows to international trade.",cfsexport,ECNSVY,Economic Surveys
VIUSA,All Vehicles,"Vehicle Inventory and Use Survey (VIUS) - All Vehicles provides detailed data on the characteristics and use of trucks operated by U.S. businesses, including fleet size, vehicle type, fuel, mileage, and cargo. Conducted periodically by the Census Bureau for DOT.",viusa,ECNSVY,Economic Surveys
CBP,County Business Patterns,"County Business Patterns (CBP) provides annual establishment counts, employment, and payroll by NAICS industry for every U.S. county, metro area, state, and the nation. Released annually, CBP is widely used for local economic analysis, market research, and policy planning.",cbp,ECNSVY,Economic Surveys
NONEMP,Nonemployer Statistics,"Nonemployer Statistics (NES) are annual data on non-farm businesses without paid employees-primarily sole proprietors and partnerships with no payroll. Covers establishment counts and receipts by NAICS industry at the national, state, and county levels.",nonemp,ECNSVY,Economic Surveys
BDS,Business Dynamics Statistics,"Business Dynamics Statistics (BDS) measure annual changes in employment and establishment counts, capturing births, deaths, expansions, and contractions of firms and establishments. Provides a unique longitudinal view of U.S. business dynamics by industry, geography, firm age, and firm size.",timeseries/bds,ECNSVY,Economic Surveys
ASMVALUE2012,Annual Survey of Manufactures Value,"Annual Survey of Manufactures (ASM) Value Series (2012 benchmark) provides value-of-shipments, inventories, and value-added estimates for manufacturing industries at national and state levels, anchored to the 2012 Economic Census benchmark.",timeseries/asm/value2012,ECNSVY,Economic Surveys
ABSTCB,Annual Business Survey,"Annual Business Survey (ABS) provides data on business ownership by race, ethnicity, gender, and veteran status, along with R&D activity, innovation, and technology use for non-farm employer businesses. Combines and replaces the Survey of Business Owners and Annual Survey of Entrepreneurs.",abstcb,ECNSVY,Economic Surveys
ASECBO,Annual Survey of Entrepreneurs Characteristics of Business Owners,"Annual Survey of Entrepreneurs (ASE) Characteristics of Business Owners provides owner demographic and socioeconomic profiles including race, gender, education, and immigration status. Predecessor to the ABS owner module.",ase/cscbo,ECNSVY,Economic Surveys
ASECB,Annual Survey of Entrepreneurs Characteristics of Businesses,"Annual Survey of Entrepreneurs (ASE) Characteristics of Businesses provides data on business financing, technology use, government contracting, and other operational characteristics for employer businesses, by owner demographics. Predecessor to the ABS.",ase/cscb,ECNSVY,Economic Surveys
ASECS,Annual Survey of Entrepreneurs Company Summary,"Annual Survey of Entrepreneurs (ASE) Company Summary provides aggregate employment, payroll, and receipts by owner race/ethnicity, gender, veteran status, and firm size. Predecessor to the ABS company summary.",ase/csa,ECNSVY,Economic Surveys
ASMBENCHMARK,Annual Survey of Manufactures Benchmark,"Annual Survey of Manufactures (ASM) Benchmark provides the most recent benchmarked national manufacturing statistics aligned to the latest Economic Census, serving as the authoritative ASM reference point.",timeseries/asm/benchmark2022,ECNSVY,Economic Surveys
CFSPRELIM,Commodity Flow Survey Preliminary Data,"Commodity Flow Survey (CFS) Preliminary Data provide early-release national totals for shipment value, weight, and ton-miles before the full geographic and commodity detail is available, offering a first look at current freight activity.",cfsprelim,ECNSVY,Economic Surveys
ABSCB,Annual Business Survey,"Annual Business Survey (ABS) Characteristics of Businesses module provides detailed data on business ownership demographics, financing, and operational characteristics for employer businesses.",abscb,ECNSVY,Economic Surveys
ABSCBO,Annual Business Survey,"Annual Business Survey (ABS) Characteristics of Business Owners module provides demographic and socioeconomic profiles of business owners (race, gender, veteran status, education, citizenship) for employer businesses.",abscbo,ECNSVY,Economic Surveys
SBOCS,Survey of Business Owners Company Summary,"Survey of Business Owners (SBO) Company Summary provides aggregate counts, receipts, payroll, and employment by owner race/ethnicity, sex, and veteran status for non-farm employer and nonemployer businesses.",sbo/cs,ECNSVY,Economic Surveys
SBOCB,Survey of Business Owners Characteristics of Business,"Survey of Business Owners (SBO) Characteristics of Business provides detailed data on business financing, contracting, and operations by owner race, ethnicity, and gender for non-farm employer businesses. The primary predecessor to the ABS.",sbo/cscb,ECNSVY,Economic Surveys
SBOCBO,Survey of Business Owners Characteristics of Business Owners,"Survey of Business Owners (SBO) Characteristics of Business Owners provides demographic profiles of business owners including race, sex, veteran status, and education for non-farm employer businesses.",sbo/cscbo,ECNSVY,Economic Surveys
VIUSPUF,Vehicle Inventory and Use Survey Public Use File,"Vehicle Inventory and Use Survey (VIUS) Public Use File contains record-level microdata (with identifying information removed) for individual trucks in the VIUS sample, enabling custom analyses of commercial vehicle characteristics and use patterns.",viuspuf,ECNSVY,Economic Surveys
ASMAREA2017,Annual Survey of Manufactures Area,"Annual Survey of Manufactures (ASM) Geographic Area Series (2017 benchmark) provides state and sub-state manufacturing statistics (employment, payroll, shipments) using the 2017 Economic Census as anchor.",timeseries/asm/area2017,ECNSVY,Economic Surveys
EITSQSPP,Time Series Economic Indicators Time Series: Quarterly Survey of Public Pensions,"Quarterly Survey of Public Pensions (QSPP) measures quarterly assets, liabilities, revenue, and expenditures of state and local government retirement systems. Provides timely data on the fiscal health of public pension funds.",timeseries/eits/qspp,ECNSVY,Economic Surveys
ITMONTHLYEXPORTSENDUSE,Time Series International Trade: Monthly U.S. Exports by End-use Code,"Monthly U.S. Exports by End-Use Code classify goods exports by the Bureau of Economic Analysis end-use category (capital goods, consumer goods, industrial supplies, etc.), providing an economic-purpose view of export composition.",timeseries/intltrade/exports/enduseexport,ECNSVY,Economic Surveys
ABSCS,Annual Business Survey,"Annual Business Survey (ABS) Company Summary module provides aggregate employment, payroll, and receipts by race/ethnicity, gender, veteran status, and firm size at national and state levels.",abscs,ECNSVY,Economic Surveys
ITMONTHLYEXPORTSHITECH,Monthly U.S. Exports by Advanced Technology Code,"Monthly U.S. Exports by Advanced Technology Code report exports of products classified as high-tech under the BEA technology classification, enabling tracking of U.S. technology export trends.",timeseries/intltrade/exports/hitech,ECNSVY,Economic Surveys
ITMONTHLYEXPORTSHS,Time Series International Trade: Monthly U.S. Exports by Harmonized System (HS) Code,Monthly U.S. Exports by Harmonized System (HS) Code provide the most detailed commodity-level view of U.S. merchandise exports using the international HS classification system.,timeseries/intltrade/exports/hsexport,ECNSVY,Economic Surveys
ITMONTHLYEXPORTSNAICS,Monthly U.S. Exports by North American Industry Classification System (NAICS) Code,"Monthly U.S. Exports by NAICS Industry Code cross-reference merchandise exports to the producing industry using NAICS codes, bridging trade and production statistics.",timeseries/intltrade/exports/naics,ECNSVY,Economic Surveys
ITMONTHLYEXPORTSPORTHS,Monthly U.S. Exports by Port and Harmonized System (HS) Code,"Monthly U.S. Exports by Port and HS Code provide export statistics at the district/port of export level combined with HS commodity codes, supporting port-level trade analysis.",timeseries/intltrade/exports/porths,ECNSVY,Economic Surveys
ITMONTHLYEXPORTSSITC,Monthly U.S. Exports by Standard International Trade Classification (SITC) Code,"Monthly U.S. Exports by Standard International Trade Classification (SITC) Code provide exports in the UN-standard SITC classification, enabling international comparisons of U.S. trade patterns.",timeseries/intltrade/exports/sitc,ECNSVY,Economic Surveys
ITMONTHLYEXPORTSSTATEHS,Monthly U.S. Exports by State and Harmonized System (HS) Code,"Monthly U.S. Exports by State and HS Code report the origin state of export goods combined with HS commodity codes, linking sub-national production geography to international trade flows.",timeseries/intltrade/exports/statehs,ECNSVY,Economic Surveys
ITMONTHLYEXPORTSSTATENAICS,Monthly U.S. Exports by State and North American Industry Classification System (NAICS),"Monthly U.S. Exports by State and NAICS Code report export values by the origin state of the exporting industry using NAICS codes, enabling state-level export performance analysis by industry.",timeseries/intltrade/exports/statenaics,ECNSVY,Economic Surveys
ITMONTHLYEXPORTSUSDA,Monthly U.S. Exports by Department of Agriculture Code,"Monthly U.S. Exports by USDA Agricultural Code report agricultural commodity exports using the USDA's own classification system, supporting agricultural trade policy and market analysis.",timeseries/intltrade/exports/usda,ECNSVY,Economic Surveys
ITMONTHLYIMPORTSENDUSE,Monthly U.S. Imports by End-use Code,"Monthly U.S. Imports by End-Use Code classify goods imports by economic purpose (capital goods, consumer goods, industrial supplies, etc.), providing a BEA-category view of import composition.",timeseries/intltrade/imports/enduse,ECNSVY,Economic Surveys
ITMONTHLYIMPORTSHITECH,Monthly U.S. Imports by Advanced Technology Code,"Monthly U.S. Imports by Advanced Technology Code report imports of high-tech products under the BEA technology classification, enabling tracking of technology trade balances.",timeseries/intltrade/imports/hitech,ECNSVY,Economic Surveys
ITMONTHLYIMPORTSHS,Monthly U.S. Imports by Harmonized System (HS) Code,Monthly U.S. Imports by Harmonized System (HS) Code provide the most detailed commodity-level view of U.S. merchandise imports using the international HS classification.,timeseries/intltrade/imports/hs,ECNSVY,Economic Surveys
ITMONTHLYIMPORTSNAICS,Monthly U.S. Imports by North American Industry Classification System (NAICS) Code,"Monthly U.S. Imports by NAICS Industry Code cross-reference merchandise imports to the consuming industry, bridging trade and production statistics for import-demand analysis.",timeseries/intltrade/imports/naics,ECNSVY,Economic Surveys
ITMONTHLYIMPORTSPORTHS,Monthly U.S. Imports by Port and Harmonized System (HS) Code,"Monthly U.S. Imports by Port and HS Code provide import statistics at the district/port-of-entry level combined with HS commodity codes, supporting port-level trade analysis.",timeseries/intltrade/imports/porths,ECNSVY,Economic Surveys
ITMONTHLYIMPORTSSITC,Monthly U.S. Imports by Standard International Trade Classification (SITC) Code,"Monthly U.S. Imports by SITC Code provide imports in the UN-standard SITC classification, enabling international comparisons of U.S. import patterns.",timeseries/intltrade/imports/sitc,ECNSVY,Economic Surveys
ITMONTHLYIMPORTSSTATEHS,Monthly U.S. Imports by State and Harmonized System (HS) Code,"Monthly U.S. Imports by State of Destination and HS Code link import flows to the U.S. state where goods are ultimately consumed or processed, combined with HS commodity detail.",timeseries/intltrade/imports/statehs,ECNSVY,Economic Surveys
ITMONTHLYIMPORTSSTATENAICS,Monthly U.S. Imports by State and North American Industry Classification System (NAICS),"Monthly U.S. Imports by State of Destination and NAICS Code link import flows to the destination state using industry codes, supporting sub-national import demand analysis.",timeseries/intltrade/imports/statenaics,ECNSVY,Economic Surveys
ITMONTHLYIMPORTSUSDA,Monthly U.S. Imports by Department of Agriculture Code,"Monthly U.S. Imports by USDA Agricultural Code report agricultural commodity imports under the USDA classification, supporting agricultural trade policy and food security analysis.",timeseries/intltrade/imports/usda,ECNSVY,Economic Surveys
DECENNIALSF1ES,Compendio de Datos 1 (SF1),"Compendio de Datos 1 (SF1) is the Spanish-language version of the Decennial Census Summary File 1 100-percent data for Puerto Rico, providing population and housing counts by age, sex, race, and Hispanic origin down to the census block.",es/dec/sf1,DECIA,Decennial Census of Island Areas
DECENNIALAS,American Samoa Summary File,"Decennial Census American Samoa Summary File provides 100-percent population and housing counts for American Samoa, including age, sex, race, and housing tenure at all available geographic levels within the territory.",dec/as,DECIA,Decennial Census of Island Areas
DECENNIALYOEMP,Commonwealth of the Northern Mariana Islands Year of Entry File,"Decennial Census Commonwealth of the Northern Mariana Islands Year of Entry File provides population counts cross-tabulated by year of entry into the CNMI, enabling analysis of migration patterns and resident tenure within the territory.",dec/mpyoe,DECIA,Decennial Census of Island Areas
DECENNIALYOEGU,Guam Year of Entry File,"Decennial Census Guam Year of Entry File provides population counts cross-tabulated by year of entry into Guam, enabling analysis of migration patterns and length of residence within the territory.",dec/guyoe,DECIA,Decennial Census of Island Areas
DECENNIALYOEAS,American Samoa Year of Entry File,"Decennial Census American Samoa Year of Entry File provides population counts cross-tabulated by year of entry into American Samoa, supporting analysis of migration flows and length of residence within the territory.",dec/asyoe,DECIA,Decennial Census of Island Areas
DECENNIALMP,Commonwealth of the Northern Mariana Islands Summary File,Decennial Census Commonwealth of the Northern Mariana Islands (CNMI) Summary File provides 100-percent population and housing counts for CNMI at all available geographic levels within the territory.,dec/mp,DECIA,Decennial Census of Island Areas
DECENNIALGU,Guam Summary File,"Decennial Census Guam Summary File provides 100-percent population and housing counts for Guam, including age, sex, race, and housing characteristics at all available geographic levels within the territory.",dec/gu,DECIA,Decennial Census of Island Areas
DECENNIALVI,U.S. Virgin Islands Summary File,"Decennial Census U.S. Virgin Islands Summary File provides 100-percent population and housing counts for the U.S. Virgin Islands at all available geographic levels, including age, sex, race, Hispanic origin, and housing tenure.",dec/vi,DECIA,Decennial Census of Island Areas
DECENNIALCROSSTABVI,U.S. Virgin Islands Detailed Crosstabulations,Decennial Census U.S. Virgin Islands Detailed Crosstabulations provide additional multi-way cross-tabulations of population and housing characteristics for the U.S. Virgin Islands beyond those available in the standard summary file.,dec/crosstabvi,DECIA,Decennial Census of Island Areas
SOMA,Survey of Market Absorption,"Survey of Market Absorption (SOMA) tracks how quickly newly completed apartments are rented in the private rental market. Provides quarterly absorption rates by rent level and number of bedrooms for the U.S., regions, and selected metro areas, supporting rental housing market analysis.",timeseries/soma,SOMA,Survey of Market Absorption
AHSHC,American Housing Survey Housing Costs,"AHS Housing Costs tabulation presents detailed owner and renter housing cost data derived from the American Housing Survey, including mortgage payments, insurance, taxes, utilities, and rent, used to measure affordability and cost burden.",ahs/hc,AHS,American Housing Survey
AHS10,American Housing Survey Housing Costs,"AHS 2010 wave dataset contains the American Housing Survey data collected in 2010, covering structural characteristics, neighborhood conditions, move history, and housing costs for the national housing stock panel.",ahs/10,AHS,American Housing Survey
AHS,American Housing Survey,"American Housing Survey (AHS) is the most comprehensive national housing survey, collecting data biennially on structural characteristics, neighborhood quality, housing costs, move history, and occupant characteristics. It follows a fixed panel of housing units rather than a fresh sample each round.",ahs,AHS,American Housing Survey
AHSHCST,American Housing Survey Housing Costs,AHS Housing Costs Statistics tabulation provides summary statistics on housing cost burden-the share of income devoted to housing-and related cost variables from the American Housing Survey.,ahs/hcst,AHS,American Housing Survey
AHSPWSD,"American Housing Survey Plumbing, Water, and Sewage Disposal","AHS Plumbing, Water, and Sewage Disposal tabulation reports on access to complete plumbing facilities, the primary source of water supply, and sewage disposal method from the American Housing Survey. Used to monitor substandard housing conditions.",ahs/pwsd,AHS,American Housing Survey
SIPP2008CORE,Core,"Survey of Income and Program Participation (SIPP) 2008 Panel Core data are longitudinal household interview records tracking income, program participation, employment, and family dynamics over multiple years. The 2008 panel followed households through 2013 using quarterly interviews.",sipp/core,SIPP,Survey of Income and Program Participation
HHPULSE,High Frequency Social and Economic Data,"Household Pulse Survey (HPS) is an experimental high-frequency online survey measuring how the COVID-19 pandemic and its aftermath affected households across social and economic dimensions-employment, food sufficiency, housing stability, mental health, and access to health care. Released weekly or biweekly in rotating phases.",timeseries/hhpulse,HPS,Household Pulse Survey
GEOINFO,Geography Information,"Geographic Information (GEOINFO) provides reference data on Census geographic units-including FIPS codes, names, geographic types, and vintage information-for all summary levels used across Census Bureau data products. Used to look up and validate geography identifiers for API queries.",geoinfo,GEO,Geography
CRE,Community Resilience Estimates,"Community Resilience Estimates (CRE) measure the capacity of communities to absorb, endure, and recover from adverse situations. The CRE assigns estimated risk factor counts to every census tract based on social vulnerability indicators from ACS data, supporting disaster preparedness and public health response planning.",cre,CRE,Community Resilience Estimates
